Group,Model,Estimate,Lower confidence interval,Upper confidence interval
Asian/Asian British: Bangladeshi,Fully-adjusted (Model 2),1.23766762403699,0.983081817131818,1.55818276861076
Asian/Asian British: Indian,Fully-adjusted (Model 2),1.1237908674599,0.942434591656555,1.34004622173983
Asian/Asian British: Pakistani,Fully-adjusted (Model 2),1.95130450939832,1.715974021329,2.21890846893433
Black/African/Caribbean/Black British: African,Fully-adjusted (Model 2),1.3800938562104,1.1506543113796,1.65528346186445
Black/African/Caribbean/Black British: Caribbean,Fully-adjusted (Model 2),1.15055433203154,0.876992303473392,1.50944913166699
Mixed/multiple ethnic groups,Fully-adjusted (Model 2),1.03196653638419,0.849817043737486,1.25315788858874
Other ethnic group,Fully-adjusted (Model 2),1.12938733560596,0.945651672213285,1.34882197251531
White: Other,Fully-adjusted (Model 2),1.02405392447422,0.873240087017311,1.2009142225857
